"","fips","year.x","cig_tax","year.y","cig_sales_pc"
"1",1,2010,1.435,2010,71.5
"2",1,2010,1.435,2011,68.4
"3",1,2010,1.435,2012,67.2
"4",1,2010,1.435,2013,64.6
"5",1,2010,1.435,2014,61.7
"6",1,2011,1.435,2010,71.5
"7",1,2011,1.435,2011,68.4
"8",1,2011,1.435,2012,67.2
"9",1,2011,1.435,2013,64.6
"10",1,2011,1.435,2014,61.7
"11",1,2012,1.435,2010,71.5
"12",1,2012,1.435,2011,68.4
"13",1,2012,1.435,2012,67.2
"14",1,2012,1.435,2013,64.6
"15",1,2012,1.435,2014,61.7
"16",1,2013,1.435,2010,71.5
"17",1,2013,1.435,2011,68.4
"18",1,2013,1.435,2012,67.2
"19",1,2013,1.435,2013,64.6
"20",1,2013,1.435,2014,61.7
"21",1,2014,1.435,2010,71.5
"22",1,2014,1.435,2011,68.4
"23",1,2014,1.435,2012,67.2
"24",1,2014,1.435,2013,64.6
"25",1,2014,1.435,2014,61.7
"26",2,2010,3.01,2010,43.8
"27",2,2010,3.01,2011,43.3
"28",2,2010,3.01,2012,41.2
"29",2,2010,3.01,2013,39
"30",2,2010,3.01,2014,37.2
"31",2,2011,3.01,2010,43.8
"32",2,2011,3.01,2011,43.3
"33",2,2011,3.01,2012,41.2
"34",2,2011,3.01,2013,39
"35",2,2011,3.01,2014,37.2
"36",2,2012,3.01,2010,43.8
"37",2,2012,3.01,2011,43.3
"38",2,2012,3.01,2012,41.2
"39",2,2012,3.01,2013,39
"40",2,2012,3.01,2014,37.2
"41",2,2013,3.01,2010,43.8
"42",2,2013,3.01,2011,43.3
"43",2,2013,3.01,2012,41.2
"44",2,2013,3.01,2013,39
"45",2,2013,3.01,2014,37.2
"46",2,2014,3.01,2010,43.8
"47",2,2014,3.01,2011,43.3
"48",2,2014,3.01,2012,41.2
"49",2,2014,3.01,2013,39
"50",2,2014,3.01,2014,37.2
"51",4,2010,3.01,2010,24.8
"52",4,2010,3.01,2011,27.1
"53",4,2010,3.01,2012,25
"54",4,2010,3.01,2013,24.4
"55",4,2010,3.01,2014,23
"56",4,2011,3.01,2010,24.8
"57",4,2011,3.01,2011,27.1
"58",4,2011,3.01,2012,25
"59",4,2011,3.01,2013,24.4
"60",4,2011,3.01,2014,23
"61",4,2012,3.01,2010,24.8
"62",4,2012,3.01,2011,27.1
"63",4,2012,3.01,2012,25
"64",4,2012,3.01,2013,24.4
"65",4,2012,3.01,2014,23
"66",4,2013,3.01,2010,24.8
"67",4,2013,3.01,2011,27.1
"68",4,2013,3.01,2012,25
"69",4,2013,3.01,2013,24.4
"70",4,2013,3.01,2014,23
"71",4,2014,3.01,2010,24.8
"72",4,2014,3.01,2011,27.1
"73",4,2014,3.01,2012,25
"74",4,2014,3.01,2013,24.4
"75",4,2014,3.01,2014,23
"76",5,2010,2.16,2010,63.2
"77",5,2010,2.16,2011,61.1
"78",5,2010,2.16,2012,60.5
"79",5,2010,2.16,2013,57.5
"80",5,2010,2.16,2014,54.4
"81",5,2011,2.16,2010,63.2
"82",5,2011,2.16,2011,61.1
"83",5,2011,2.16,2012,60.5
"84",5,2011,2.16,2013,57.5
"85",5,2011,2.16,2014,54.4
"86",5,2012,2.16,2010,63.2
"87",5,2012,2.16,2011,61.1
"88",5,2012,2.16,2012,60.5
"89",5,2012,2.16,2013,57.5
"90",5,2012,2.16,2014,54.4
"91",5,2013,2.16,2010,63.2
"92",5,2013,2.16,2011,61.1
"93",5,2013,2.16,2012,60.5
"94",5,2013,2.16,2013,57.5
"95",5,2013,2.16,2014,54.4
"96",5,2014,2.16,2010,63.2
"97",5,2014,2.16,2011,61.1
"98",5,2014,2.16,2012,60.5
"99",5,2014,2.16,2013,57.5
"100",5,2014,2.16,2014,54.4
"101",6,2010,1.88,2010,26.3
"102",6,2010,1.88,2011,26
"103",6,2010,1.88,2012,25.2
"104",6,2010,1.88,2013,23.9
"105",6,2010,1.88,2014,22.7
"106",6,2011,1.88,2010,26.3
"107",6,2011,1.88,2011,26
"108",6,2011,1.88,2012,25.2
"109",6,2011,1.88,2013,23.9
"110",6,2011,1.88,2014,22.7
"111",6,2012,1.88,2010,26.3
"112",6,2012,1.88,2011,26
"113",6,2012,1.88,2012,25.2
"114",6,2012,1.88,2013,23.9
"115",6,2012,1.88,2014,22.7
"116",6,2013,1.88,2010,26.3
"117",6,2013,1.88,2011,26
"118",6,2013,1.88,2012,25.2
"119",6,2013,1.88,2013,23.9
"120",6,2013,1.88,2014,22.7
"121",6,2014,1.88,2010,26.3
"122",6,2014,1.88,2011,26
"123",6,2014,1.88,2012,25.2
"124",6,2014,1.88,2013,23.9
"125",6,2014,1.88,2014,22.7
"126",8,2010,1.85,2010,41.4
"127",8,2010,1.85,2011,40.6
"128",8,2010,1.85,2012,40.6
"129",8,2010,1.85,2013,38.3
"130",8,2010,1.85,2014,36.7
"131",8,2011,1.85,2010,41.4
"132",8,2011,1.85,2011,40.6
"133",8,2011,1.85,2012,40.6
"134",8,2011,1.85,2013,38.3
"135",8,2011,1.85,2014,36.7
"136",8,2012,1.85,2010,41.4
"137",8,2012,1.85,2011,40.6
"138",8,2012,1.85,2012,40.6
"139",8,2012,1.85,2013,38.3
"140",8,2012,1.85,2014,36.7
"141",8,2013,1.85,2010,41.4
"142",8,2013,1.85,2011,40.6
"143",8,2013,1.85,2012,40.6
"144",8,2013,1.85,2013,38.3
"145",8,2013,1.85,2014,36.7
"146",8,2014,1.85,2010,41.4
"147",8,2014,1.85,2011,40.6
"148",8,2014,1.85,2012,40.6
"149",8,2014,1.85,2013,38.3
"150",8,2014,1.85,2014,36.7
"151",9,2010,4.01,2010,40.8
"152",9,2010,4.01,2011,36.3
"153",9,2010,4.01,2012,33.5
"154",9,2010,4.01,2013,31.4
"155",9,2010,4.01,2014,30.1
"156",9,2011,4.41,2010,40.8
"157",9,2011,4.41,2011,36.3
"158",9,2011,4.41,2012,33.5
"159",9,2011,4.41,2013,31.4
"160",9,2011,4.41,2014,30.1
"161",9,2012,4.41,2010,40.8
"162",9,2012,4.41,2011,36.3
"163",9,2012,4.41,2012,33.5
"164",9,2012,4.41,2013,31.4
"165",9,2012,4.41,2014,30.1
"166",9,2013,4.41,2010,40.8
"167",9,2013,4.41,2011,36.3
"168",9,2013,4.41,2012,33.5
"169",9,2013,4.41,2013,31.4
"170",9,2013,4.41,2014,30.1
"171",9,2014,4.41,2010,40.8
"172",9,2014,4.41,2011,36.3
"173",9,2014,4.41,2012,33.5
"174",9,2014,4.41,2013,31.4
"175",9,2014,4.41,2014,30.1
"176",10,2010,2.61,2010,95
"177",10,2010,2.61,2011,87.6
"178",10,2010,2.61,2012,84.9
"179",10,2010,2.61,2013,77.1
"180",10,2010,2.61,2014,71.2
"181",10,2011,2.61,2010,95
"182",10,2011,2.61,2011,87.6
"183",10,2011,2.61,2012,84.9
"184",10,2011,2.61,2013,77.1
"185",10,2011,2.61,2014,71.2
"186",10,2012,2.61,2010,95
"187",10,2012,2.61,2011,87.6
"188",10,2012,2.61,2012,84.9
"189",10,2012,2.61,2013,77.1
"190",10,2012,2.61,2014,71.2
"191",10,2013,2.61,2010,95
"192",10,2013,2.61,2011,87.6
"193",10,2013,2.61,2012,84.9
"194",10,2013,2.61,2013,77.1
"195",10,2013,2.61,2014,71.2
"196",10,2014,2.61,2010,95
"197",10,2014,2.61,2011,87.6
"198",10,2014,2.61,2012,84.9
"199",10,2014,2.61,2013,77.1
"200",10,2014,2.61,2014,71.2
"201",11,2010,3.51,2010,23.1
"202",11,2010,3.51,2011,24.2
"203",11,2010,3.51,2012,20
"204",11,2010,3.51,2013,18.6
"205",11,2010,3.51,2014,16.2
"206",11,2011,3.87,2010,23.1
"207",11,2011,3.87,2011,24.2
"208",11,2011,3.87,2012,20
"209",11,2011,3.87,2013,18.6
"210",11,2011,3.87,2014,16.2
"211",11,2012,3.87,2010,23.1
"212",11,2012,3.87,2011,24.2
"213",11,2012,3.87,2012,20
"214",11,2012,3.87,2013,18.6
"215",11,2012,3.87,2014,16.2
"216",11,2013,3.87,2010,23.1
"217",11,2013,3.87,2011,24.2
"218",11,2013,3.87,2012,20
"219",11,2013,3.87,2013,18.6
"220",11,2013,3.87,2014,16.2
"221",11,2014,3.87,2010,23.1
"222",11,2014,3.87,2011,24.2
"223",11,2014,3.87,2012,20
"224",11,2014,3.87,2013,18.6
"225",11,2014,3.87,2014,16.2
"226",12,2010,2.349,2010,50
"227",12,2010,2.349,2011,49.7
"228",12,2010,2.349,2012,45.9
"229",12,2010,2.349,2013,44.3
"230",12,2010,2.349,2014,42.4
"231",12,2011,2.349,2010,50
"232",12,2011,2.349,2011,49.7
"233",12,2011,2.349,2012,45.9
"234",12,2011,2.349,2013,44.3
"235",12,2011,2.349,2014,42.4
"236",12,2012,2.349,2010,50
"237",12,2012,2.349,2011,49.7
"238",12,2012,2.349,2012,45.9
"239",12,2012,2.349,2013,44.3
"240",12,2012,2.349,2014,42.4
"241",12,2013,2.349,2010,50
"242",12,2013,2.349,2011,49.7
"243",12,2013,2.349,2012,45.9
"244",12,2013,2.349,2013,44.3
"245",12,2013,2.349,2014,42.4
"246",12,2014,2.349,2010,50
"247",12,2014,2.349,2011,49.7
"248",12,2014,2.349,2012,45.9
"249",12,2014,2.349,2013,44.3
"250",12,2014,2.349,2014,42.4
"251",13,2010,1.38,2010,55.3
"252",13,2010,1.38,2011,54.3
"253",13,2010,1.38,2012,53.1
"254",13,2010,1.38,2013,49.9
"255",13,2010,1.38,2014,49
"256",13,2011,1.38,2010,55.3
"257",13,2011,1.38,2011,54.3
"258",13,2011,1.38,2012,53.1
"259",13,2011,1.38,2013,49.9
"260",13,2011,1.38,2014,49
"261",13,2012,1.38,2010,55.3
"262",13,2012,1.38,2011,54.3
"263",13,2012,1.38,2012,53.1
"264",13,2012,1.38,2013,49.9
"265",13,2012,1.38,2014,49
"266",13,2013,1.38,2010,55.3
"267",13,2013,1.38,2011,54.3
"268",13,2013,1.38,2012,53.1
"269",13,2013,1.38,2013,49.9
"270",13,2013,1.38,2014,49
"271",13,2014,1.38,2010,55.3
"272",13,2014,1.38,2011,54.3
"273",13,2014,1.38,2012,53.1
"274",13,2014,1.38,2013,49.9
"275",13,2014,1.38,2014,49
"276",15,2010,4.01,2010,36.2
"277",15,2010,4.01,2011,32.9
"278",15,2010,4.01,2012,29.8
"279",15,2010,4.01,2013,27
"280",15,2010,4.01,2014,25.4
"281",15,2011,4.21,2010,36.2
"282",15,2011,4.21,2011,32.9
"283",15,2011,4.21,2012,29.8
"284",15,2011,4.21,2013,27
"285",15,2011,4.21,2014,25.4
"286",15,2012,4.21,2010,36.2
"287",15,2012,4.21,2011,32.9
"288",15,2012,4.21,2012,29.8
"289",15,2012,4.21,2013,27
"290",15,2012,4.21,2014,25.4
"291",15,2013,4.21,2010,36.2
"292",15,2013,4.21,2011,32.9
"293",15,2013,4.21,2012,29.8
"294",15,2013,4.21,2013,27
"295",15,2013,4.21,2014,25.4
"296",15,2014,4.21,2010,36.2
"297",15,2014,4.21,2011,32.9
"298",15,2014,4.21,2012,29.8
"299",15,2014,4.21,2013,27
"300",15,2014,4.21,2014,25.4
"301",16,2010,1.58,2010,46.4
"302",16,2010,1.58,2011,45.5
"303",16,2010,1.58,2012,43.5
"304",16,2010,1.58,2013,43.1
"305",16,2010,1.58,2014,40.8
"306",16,2011,1.58,2010,46.4
"307",16,2011,1.58,2011,45.5
"308",16,2011,1.58,2012,43.5
"309",16,2011,1.58,2013,43.1
"310",16,2011,1.58,2014,40.8
"311",16,2012,1.58,2010,46.4
"312",16,2012,1.58,2011,45.5
"313",16,2012,1.58,2012,43.5
"314",16,2012,1.58,2013,43.1
"315",16,2012,1.58,2014,40.8
"316",16,2013,1.58,2010,46.4
"317",16,2013,1.58,2011,45.5
"318",16,2013,1.58,2012,43.5
"319",16,2013,1.58,2013,43.1
"320",16,2013,1.58,2014,40.8
"321",16,2014,1.58,2010,46.4
"322",16,2014,1.58,2011,45.5
"323",16,2014,1.58,2012,43.5
"324",16,2014,1.58,2013,43.1
"325",16,2014,1.58,2014,40.8
"326",17,2010,1.99,2010,44.1
"327",17,2010,1.99,2011,45.3
"328",17,2010,1.99,2012,46.5
"329",17,2010,1.99,2013,31.7
"330",17,2010,1.99,2014,33.6
"331",17,2011,1.99,2010,44.1
"332",17,2011,1.99,2011,45.3
"333",17,2011,1.99,2012,46.5
"334",17,2011,1.99,2013,31.7
"335",17,2011,1.99,2014,33.6
"336",17,2012,2.99,2010,44.1
"337",17,2012,2.99,2011,45.3
"338",17,2012,2.99,2012,46.5
"339",17,2012,2.99,2013,31.7
"340",17,2012,2.99,2014,33.6
"341",17,2013,2.99,2010,44.1
"342",17,2013,2.99,2011,45.3
"343",17,2013,2.99,2012,46.5
"344",17,2013,2.99,2013,31.7
"345",17,2013,2.99,2014,33.6
"346",17,2014,2.99,2010,44.1
"347",17,2014,2.99,2011,45.3
"348",17,2014,2.99,2012,46.5
"349",17,2014,2.99,2013,31.7
"350",17,2014,2.99,2014,33.6
"351",18,2010,2.005,2010,71.7
"352",18,2010,2.005,2011,69.6
"353",18,2010,2.005,2012,66
"354",18,2010,2.005,2013,66.9
"355",18,2010,2.005,2014,63.6
"356",18,2011,2.005,2010,71.7
"357",18,2011,2.005,2011,69.6
"358",18,2011,2.005,2012,66
"359",18,2011,2.005,2013,66.9
"360",18,2011,2.005,2014,63.6
"361",18,2012,2.005,2010,71.7
"362",18,2012,2.005,2011,69.6
"363",18,2012,2.005,2012,66
"364",18,2012,2.005,2013,66.9
"365",18,2012,2.005,2014,63.6
"366",18,2013,2.005,2010,71.7
"367",18,2013,2.005,2011,69.6
"368",18,2013,2.005,2012,66
"369",18,2013,2.005,2013,66.9
"370",18,2013,2.005,2014,63.6
"371",18,2014,2.005,2010,71.7
"372",18,2014,2.005,2011,69.6
"373",18,2014,2.005,2012,66
"374",18,2014,2.005,2013,66.9
"375",18,2014,2.005,2014,63.6
"376",19,2010,2.37,2010,51.3
"377",19,2010,2.37,2011,49.1
"378",19,2010,2.37,2012,48.6
"379",19,2010,2.37,2013,48.5
"380",19,2010,2.37,2014,47.1
"381",19,2011,2.37,2010,51.3
"382",19,2011,2.37,2011,49.1
"383",19,2011,2.37,2012,48.6
"384",19,2011,2.37,2013,48.5
"385",19,2011,2.37,2014,47.1
"386",19,2012,2.37,2010,51.3
"387",19,2012,2.37,2011,49.1
"388",19,2012,2.37,2012,48.6
"389",19,2012,2.37,2013,48.5
"390",19,2012,2.37,2014,47.1
"391",19,2013,2.37,2010,51.3
"392",19,2013,2.37,2011,49.1
"393",19,2013,2.37,2012,48.6
"394",19,2013,2.37,2013,48.5
"395",19,2013,2.37,2014,47.1
"396",19,2014,2.37,2010,51.3
"397",19,2014,2.37,2011,49.1
"398",19,2014,2.37,2012,48.6
"399",19,2014,2.37,2013,48.5
"400",19,2014,2.37,2014,47.1
"401",20,2010,1.8,2010,45.2
"402",20,2010,1.8,2011,41.2
"403",20,2010,1.8,2012,43
"404",20,2010,1.8,2013,41
"405",20,2010,1.8,2014,39.5
"406",20,2011,1.8,2010,45.2
"407",20,2011,1.8,2011,41.2
"408",20,2011,1.8,2012,43
"409",20,2011,1.8,2013,41
"410",20,2011,1.8,2014,39.5
"411",20,2012,1.8,2010,45.2
"412",20,2012,1.8,2011,41.2
"413",20,2012,1.8,2012,43
"414",20,2012,1.8,2013,41
"415",20,2012,1.8,2014,39.5
"416",20,2013,1.8,2010,45.2
"417",20,2013,1.8,2011,41.2
"418",20,2013,1.8,2012,43
"419",20,2013,1.8,2013,41
"420",20,2013,1.8,2014,39.5
"421",20,2014,1.8,2010,45.2
"422",20,2014,1.8,2011,41.2
"423",20,2014,1.8,2012,43
"424",20,2014,1.8,2013,41
"425",20,2014,1.8,2014,39.5
"426",21,2010,1.61,2010,110.7
"427",21,2010,1.61,2011,103.7
"428",21,2010,1.61,2012,100.1
"429",21,2010,1.61,2013,93.5
"430",21,2010,1.61,2014,89
"431",21,2011,1.61,2010,110.7
"432",21,2011,1.61,2011,103.7
"433",21,2011,1.61,2012,100.1
"434",21,2011,1.61,2013,93.5
"435",21,2011,1.61,2014,89
"436",21,2012,1.61,2010,110.7
"437",21,2012,1.61,2011,103.7
"438",21,2012,1.61,2012,100.1
"439",21,2012,1.61,2013,93.5
"440",21,2012,1.61,2014,89
"441",21,2013,1.61,2010,110.7
"442",21,2013,1.61,2011,103.7
"443",21,2013,1.61,2012,100.1
"444",21,2013,1.61,2013,93.5
"445",21,2013,1.61,2014,89
"446",21,2014,1.61,2010,110.7
"447",21,2014,1.61,2011,103.7
"448",21,2014,1.61,2012,100.1
"449",21,2014,1.61,2013,93.5
"450",21,2014,1.61,2014,89
"451",22,2010,1.37,2010,74.3
"452",22,2010,1.37,2011,78.8
"453",22,2010,1.37,2012,72
"454",22,2010,1.37,2013,73.3
"455",22,2010,1.37,2014,65.1
"456",22,2011,1.37,2010,74.3
"457",22,2011,1.37,2011,78.8
"458",22,2011,1.37,2012,72
"459",22,2011,1.37,2013,73.3
"460",22,2011,1.37,2014,65.1
"461",22,2012,1.37,2010,74.3
"462",22,2012,1.37,2011,78.8
"463",22,2012,1.37,2012,72
"464",22,2012,1.37,2013,73.3
"465",22,2012,1.37,2014,65.1
"466",22,2013,1.37,2010,74.3
"467",22,2013,1.37,2011,78.8
"468",22,2013,1.37,2012,72
"469",22,2013,1.37,2013,73.3
"470",22,2013,1.37,2014,65.1
"471",22,2014,1.37,2010,74.3
"472",22,2014,1.37,2011,78.8
"473",22,2014,1.37,2012,72
"474",22,2014,1.37,2013,73.3
"475",22,2014,1.37,2014,65.1
"476",23,2010,3.01,2010,53
"477",23,2010,3.01,2011,51.1
"478",23,2010,3.01,2012,48.9
"479",23,2010,3.01,2013,48.5
"480",23,2010,3.01,2014,47.4
"481",23,2011,3.01,2010,53
"482",23,2011,3.01,2011,51.1
"483",23,2011,3.01,2012,48.9
"484",23,2011,3.01,2013,48.5
"485",23,2011,3.01,2014,47.4
"486",23,2012,3.01,2010,53
"487",23,2012,3.01,2011,51.1
"488",23,2012,3.01,2012,48.9
"489",23,2012,3.01,2013,48.5
"490",23,2012,3.01,2014,47.4
"491",23,2013,3.01,2010,53
"492",23,2013,3.01,2011,51.1
"493",23,2013,3.01,2012,48.9
"494",23,2013,3.01,2013,48.5
"495",23,2013,3.01,2014,47.4
"496",23,2014,3.01,2010,53
"497",23,2014,3.01,2011,51.1
"498",23,2014,3.01,2012,48.9
"499",23,2014,3.01,2013,48.5
"500",23,2014,3.01,2014,47.4
"501",24,2010,3.01,2010,35
"502",24,2010,3.01,2011,34.6
"503",24,2010,3.01,2012,34.4
"504",24,2010,3.01,2013,32.6
"505",24,2010,3.01,2014,31.6
"506",24,2011,3.01,2010,35
"507",24,2011,3.01,2011,34.6
"508",24,2011,3.01,2012,34.4
"509",24,2011,3.01,2013,32.6
"510",24,2011,3.01,2014,31.6
"511",24,2012,3.01,2010,35
"512",24,2012,3.01,2011,34.6
"513",24,2012,3.01,2012,34.4
"514",24,2012,3.01,2013,32.6
"515",24,2012,3.01,2014,31.6
"516",24,2013,3.01,2010,35
"517",24,2013,3.01,2011,34.6
"518",24,2013,3.01,2012,34.4
"519",24,2013,3.01,2013,32.6
"520",24,2013,3.01,2014,31.6
"521",24,2014,3.01,2010,35
"522",24,2014,3.01,2011,34.6
"523",24,2014,3.01,2012,34.4
"524",24,2014,3.01,2013,32.6
"525",24,2014,3.01,2014,31.6
"526",25,2010,3.52,2010,33.7
"527",25,2010,3.52,2011,34.2
"528",25,2010,3.52,2012,33.5
"529",25,2010,3.52,2013,32.2
"530",25,2010,3.52,2014,27.1
"531",25,2011,3.52,2010,33.7
"532",25,2011,3.52,2011,34.2
"533",25,2011,3.52,2012,33.5
"534",25,2011,3.52,2013,32.2
"535",25,2011,3.52,2014,27.1
"536",25,2012,3.52,2010,33.7
"537",25,2012,3.52,2011,34.2
"538",25,2012,3.52,2012,33.5
"539",25,2012,3.52,2013,32.2
"540",25,2012,3.52,2014,27.1
"541",25,2013,4.52,2010,33.7
"542",25,2013,4.52,2011,34.2
"543",25,2013,4.52,2012,33.5
"544",25,2013,4.52,2013,32.2
"545",25,2013,4.52,2014,27.1
"546",25,2014,4.52,2010,33.7
"547",25,2014,4.52,2011,34.2
"548",25,2014,4.52,2012,33.5
"549",25,2014,4.52,2013,32.2
"550",25,2014,4.52,2014,27.1
"551",26,2010,3.01,2010,48.8
"552",26,2010,3.01,2011,46.4
"553",26,2010,3.01,2012,46.7
"554",26,2010,3.01,2013,45.4
"555",26,2010,3.01,2014,44.5
"556",26,2011,3.01,2010,48.8
"557",26,2011,3.01,2011,46.4
"558",26,2011,3.01,2012,46.7
"559",26,2011,3.01,2013,45.4
"560",26,2011,3.01,2014,44.5
"561",26,2012,3.01,2010,48.8
"562",26,2012,3.01,2011,46.4
"563",26,2012,3.01,2012,46.7
"564",26,2012,3.01,2013,45.4
"565",26,2012,3.01,2014,44.5
"566",26,2013,3.01,2010,48.8
"567",26,2013,3.01,2011,46.4
"568",26,2013,3.01,2012,46.7
"569",26,2013,3.01,2013,45.4
"570",26,2013,3.01,2014,44.5
"571",26,2014,3.01,2010,48.8
"572",26,2014,3.01,2011,46.4
"573",26,2014,3.01,2012,46.7
"574",26,2014,3.01,2013,45.4
"575",26,2014,3.01,2014,44.5
"576",27,2010,2.59,2010,46.5
"577",27,2010,2.59,2011,51.5
"578",27,2010,2.59,2012,37.9
"579",27,2010,2.59,2013,43.1
"580",27,2010,2.59,2014,31.4
"581",27,2011,2.596,2010,46.5
"582",27,2011,2.596,2011,51.5
"583",27,2011,2.596,2012,37.9
"584",27,2011,2.596,2013,43.1
"585",27,2011,2.596,2014,31.4
"586",27,2012,2.61,2010,46.5
"587",27,2012,2.61,2011,51.5
"588",27,2012,2.61,2012,37.9
"589",27,2012,2.61,2013,43.1
"590",27,2012,2.61,2014,31.4
"591",27,2013,4.333,2010,46.5
"592",27,2013,4.333,2011,51.5
"593",27,2013,4.333,2012,37.9
"594",27,2013,4.333,2013,43.1
"595",27,2013,4.333,2014,31.4
"596",27,2014,4.352,2010,46.5
"597",27,2014,4.352,2011,51.5
"598",27,2014,4.352,2012,37.9
"599",27,2014,4.352,2013,43.1
"600",27,2014,4.352,2014,31.4
"601",28,2010,1.69,2010,70.3
"602",28,2010,1.69,2011,67.9
"603",28,2010,1.69,2012,66.5
"604",28,2010,1.69,2013,63.9
"605",28,2010,1.69,2014,61.2
"606",28,2011,1.69,2010,70.3
"607",28,2011,1.69,2011,67.9
"608",28,2011,1.69,2012,66.5
"609",28,2011,1.69,2013,63.9
"610",28,2011,1.69,2014,61.2
"611",28,2012,1.69,2010,70.3
"612",28,2012,1.69,2011,67.9
"613",28,2012,1.69,2012,66.5
"614",28,2012,1.69,2013,63.9
"615",28,2012,1.69,2014,61.2
"616",28,2013,1.69,2010,70.3
"617",28,2013,1.69,2011,67.9
"618",28,2013,1.69,2012,66.5
"619",28,2013,1.69,2013,63.9
"620",28,2013,1.69,2014,61.2
"621",28,2014,1.69,2010,70.3
"622",28,2014,1.69,2011,67.9
"623",28,2014,1.69,2012,66.5
"624",28,2014,1.69,2013,63.9
"625",28,2014,1.69,2014,61.2
"626",29,2010,1.18,2010,92.3
"627",29,2010,1.18,2011,91.1
"628",29,2010,1.18,2012,89.4
"629",29,2010,1.18,2013,87.4
"630",29,2010,1.18,2014,82.6
"631",29,2011,1.18,2010,92.3
"632",29,2011,1.18,2011,91.1
"633",29,2011,1.18,2012,89.4
"634",29,2011,1.18,2013,87.4
"635",29,2011,1.18,2014,82.6
"636",29,2012,1.18,2010,92.3
"637",29,2012,1.18,2011,91.1
"638",29,2012,1.18,2012,89.4
"639",29,2012,1.18,2013,87.4
"640",29,2012,1.18,2014,82.6
"641",29,2013,1.18,2010,92.3
"642",29,2013,1.18,2011,91.1
"643",29,2013,1.18,2012,89.4
"644",29,2013,1.18,2013,87.4
"645",29,2013,1.18,2014,82.6
"646",29,2014,1.18,2010,92.3
"647",29,2014,1.18,2011,91.1
"648",29,2014,1.18,2012,89.4
"649",29,2014,1.18,2013,87.4
"650",29,2014,1.18,2014,82.6
"651",30,2010,2.71,2010,47.3
"652",30,2010,2.71,2011,45.5
"653",30,2010,2.71,2012,45.5
"654",30,2010,2.71,2013,44.3
"655",30,2010,2.71,2014,43
"656",30,2011,2.71,2010,47.3
"657",30,2011,2.71,2011,45.5
"658",30,2011,2.71,2012,45.5
"659",30,2011,2.71,2013,44.3
"660",30,2011,2.71,2014,43
"661",30,2012,2.71,2010,47.3
"662",30,2012,2.71,2011,45.5
"663",30,2012,2.71,2012,45.5
"664",30,2012,2.71,2013,44.3
"665",30,2012,2.71,2014,43
"666",30,2013,2.71,2010,47.3
"667",30,2013,2.71,2011,45.5
"668",30,2013,2.71,2012,45.5
"669",30,2013,2.71,2013,44.3
"670",30,2013,2.71,2014,43
"671",30,2014,2.71,2010,47.3
"672",30,2014,2.71,2011,45.5
"673",30,2014,2.71,2012,45.5
"674",30,2014,2.71,2013,44.3
"675",30,2014,2.71,2014,43
"676",31,2010,1.65,2010,55
"677",31,2010,1.65,2011,53.5
"678",31,2010,1.65,2012,52.5
"679",31,2010,1.65,2013,51.2
"680",31,2010,1.65,2014,47.3
"681",31,2011,1.65,2010,55
"682",31,2011,1.65,2011,53.5
"683",31,2011,1.65,2012,52.5
"684",31,2011,1.65,2013,51.2
"685",31,2011,1.65,2014,47.3
"686",31,2012,1.65,2010,55
"687",31,2012,1.65,2011,53.5
"688",31,2012,1.65,2012,52.5
"689",31,2012,1.65,2013,51.2
"690",31,2012,1.65,2014,47.3
"691",31,2013,1.65,2010,55
"692",31,2013,1.65,2011,53.5
"693",31,2013,1.65,2012,52.5
"694",31,2013,1.65,2013,51.2
"695",31,2013,1.65,2014,47.3
"696",31,2014,1.65,2010,55
"697",31,2014,1.65,2011,53.5
"698",31,2014,1.65,2012,52.5
"699",31,2014,1.65,2013,51.2
"700",31,2014,1.65,2014,47.3
"701",32,2010,1.81,2010,48.1
"702",32,2010,1.81,2011,45.7
"703",32,2010,1.81,2012,43.1
"704",32,2010,1.81,2013,43.2
"705",32,2010,1.81,2014,41.6
"706",32,2011,1.81,2010,48.1
"707",32,2011,1.81,2011,45.7
"708",32,2011,1.81,2012,43.1
"709",32,2011,1.81,2013,43.2
"710",32,2011,1.81,2014,41.6
"711",32,2012,1.81,2010,48.1
"712",32,2012,1.81,2011,45.7
"713",32,2012,1.81,2012,43.1
"714",32,2012,1.81,2013,43.2
"715",32,2012,1.81,2014,41.6
"716",32,2013,1.81,2010,48.1
"717",32,2013,1.81,2011,45.7
"718",32,2013,1.81,2012,43.1
"719",32,2013,1.81,2013,43.2
"720",32,2013,1.81,2014,41.6
"721",32,2014,1.81,2010,48.1
"722",32,2014,1.81,2011,45.7
"723",32,2014,1.81,2012,43.1
"724",32,2014,1.81,2013,43.2
"725",32,2014,1.81,2014,41.6
"726",33,2010,2.79,2010,97.1
"727",33,2010,2.79,2011,92.9
"728",33,2010,2.79,2012,93.9
"729",33,2010,2.79,2013,89.6
"730",33,2010,2.79,2014,90.6
"731",33,2011,2.69,2010,97.1
"732",33,2011,2.69,2011,92.9
"733",33,2011,2.69,2012,93.9
"734",33,2011,2.69,2013,89.6
"735",33,2011,2.69,2014,90.6
"736",33,2012,2.69,2010,97.1
"737",33,2012,2.69,2011,92.9
"738",33,2012,2.69,2012,93.9
"739",33,2012,2.69,2013,89.6
"740",33,2012,2.69,2014,90.6
"741",33,2013,2.79,2010,97.1
"742",33,2013,2.79,2011,92.9
"743",33,2013,2.79,2012,93.9
"744",33,2013,2.79,2013,89.6
"745",33,2013,2.79,2014,90.6
"746",33,2014,2.79,2010,97.1
"747",33,2014,2.79,2011,92.9
"748",33,2014,2.79,2012,93.9
"749",33,2014,2.79,2013,89.6
"750",33,2014,2.79,2014,90.6
"751",34,2010,3.71,2010,31.1
"752",34,2010,3.71,2011,32.5
"753",34,2010,3.71,2012,31.6
"754",34,2010,3.71,2013,30.6
"755",34,2010,3.71,2014,29.3
"756",34,2011,3.71,2010,31.1
"757",34,2011,3.71,2011,32.5
"758",34,2011,3.71,2012,31.6
"759",34,2011,3.71,2013,30.6
"760",34,2011,3.71,2014,29.3
"761",34,2012,3.71,2010,31.1
"762",34,2012,3.71,2011,32.5
"763",34,2012,3.71,2012,31.6
"764",34,2012,3.71,2013,30.6
"765",34,2012,3.71,2014,29.3
"766",34,2013,3.71,2010,31.1
"767",34,2013,3.71,2011,32.5
"768",34,2013,3.71,2012,31.6
"769",34,2013,3.71,2013,30.6
"770",34,2013,3.71,2014,29.3
"771",34,2014,3.71,2010,31.1
"772",34,2014,3.71,2011,32.5
"773",34,2014,3.71,2012,31.6
"774",34,2014,3.71,2013,30.6
"775",34,2014,3.71,2014,29.3
"776",35,2010,2.67,2010,30.3
"777",35,2010,2.67,2011,27.3
"778",35,2010,2.67,2012,26.7
"779",35,2010,2.67,2013,26.4
"780",35,2010,2.67,2014,24.6
"781",35,2011,2.67,2010,30.3
"782",35,2011,2.67,2011,27.3
"783",35,2011,2.67,2012,26.7
"784",35,2011,2.67,2013,26.4
"785",35,2011,2.67,2014,24.6
"786",35,2012,2.67,2010,30.3
"787",35,2012,2.67,2011,27.3
"788",35,2012,2.67,2012,26.7
"789",35,2012,2.67,2013,26.4
"790",35,2012,2.67,2014,24.6
"791",35,2013,2.67,2010,30.3
"792",35,2013,2.67,2011,27.3
"793",35,2013,2.67,2012,26.7
"794",35,2013,2.67,2013,26.4
"795",35,2013,2.67,2014,24.6
"796",35,2014,2.67,2010,30.3
"797",35,2014,2.67,2011,27.3
"798",35,2014,2.67,2012,26.7
"799",35,2014,2.67,2013,26.4
"800",35,2014,2.67,2014,24.6
"801",36,2010,5.36,2010,24.1
"802",36,2010,5.36,2011,18.3
"803",36,2010,5.36,2012,18
"804",36,2010,5.36,2013,16.6
"805",36,2010,5.36,2014,15.4
"806",36,2011,5.36,2010,24.1
"807",36,2011,5.36,2011,18.3
"808",36,2011,5.36,2012,18
"809",36,2011,5.36,2013,16.6
"810",36,2011,5.36,2014,15.4
"811",36,2012,5.36,2010,24.1
"812",36,2012,5.36,2011,18.3
"813",36,2012,5.36,2012,18
"814",36,2012,5.36,2013,16.6
"815",36,2012,5.36,2014,15.4
"816",36,2013,5.36,2010,24.1
"817",36,2013,5.36,2011,18.3
"818",36,2013,5.36,2012,18
"819",36,2013,5.36,2013,16.6
"820",36,2013,5.36,2014,15.4
"821",36,2014,5.36,2010,24.1
"822",36,2014,5.36,2011,18.3
"823",36,2014,5.36,2012,18
"824",36,2014,5.36,2013,16.6
"825",36,2014,5.36,2014,15.4
"826",37,2010,1.46,2010,61.5
"827",37,2010,1.46,2011,60.9
"828",37,2010,1.46,2012,60.7
"829",37,2010,1.46,2013,57.5
"830",37,2010,1.46,2014,56.7
"831",37,2011,1.46,2010,61.5
"832",37,2011,1.46,2011,60.9
"833",37,2011,1.46,2012,60.7
"834",37,2011,1.46,2013,57.5
"835",37,2011,1.46,2014,56.7
"836",37,2012,1.46,2010,61.5
"837",37,2012,1.46,2011,60.9
"838",37,2012,1.46,2012,60.7
"839",37,2012,1.46,2013,57.5
"840",37,2012,1.46,2014,56.7
"841",37,2013,1.46,2010,61.5
"842",37,2013,1.46,2011,60.9
"843",37,2013,1.46,2012,60.7
"844",37,2013,1.46,2013,57.5
"845",37,2013,1.46,2014,56.7
"846",37,2014,1.46,2010,61.5
"847",37,2014,1.46,2011,60.9
"848",37,2014,1.46,2012,60.7
"849",37,2014,1.46,2013,57.5
"850",37,2014,1.46,2014,56.7
"851",38,2010,1.45,2010,69.3
"852",38,2010,1.45,2011,69
"853",38,2010,1.45,2012,74.5
"854",38,2010,1.45,2013,72.5
"855",38,2010,1.45,2014,75.8
"856",38,2011,1.45,2010,69.3
"857",38,2011,1.45,2011,69
"858",38,2011,1.45,2012,74.5
"859",38,2011,1.45,2013,72.5
"860",38,2011,1.45,2014,75.8
"861",38,2012,1.45,2010,69.3
"862",38,2012,1.45,2011,69
"863",38,2012,1.45,2012,74.5
"864",38,2012,1.45,2013,72.5
"865",38,2012,1.45,2014,75.8
"866",38,2013,1.45,2010,69.3
"867",38,2013,1.45,2011,69
"868",38,2013,1.45,2012,74.5
"869",38,2013,1.45,2013,72.5
"870",38,2013,1.45,2014,75.8
"871",38,2014,1.45,2010,69.3
"872",38,2014,1.45,2011,69
"873",38,2014,1.45,2012,74.5
"874",38,2014,1.45,2013,72.5
"875",38,2014,1.45,2014,75.8
"876",39,2010,2.26,2010,59.3
"877",39,2010,2.26,2011,56.8
"878",39,2010,2.26,2012,55.7
"879",39,2010,2.26,2013,54.6
"880",39,2010,2.26,2014,53.3
"881",39,2011,2.26,2010,59.3
"882",39,2011,2.26,2011,56.8
"883",39,2011,2.26,2012,55.7
"884",39,2011,2.26,2013,54.6
"885",39,2011,2.26,2014,53.3
"886",39,2012,2.26,2010,59.3
"887",39,2012,2.26,2011,56.8
"888",39,2012,2.26,2012,55.7
"889",39,2012,2.26,2013,54.6
"890",39,2012,2.26,2014,53.3
"891",39,2013,2.26,2010,59.3
"892",39,2013,2.26,2011,56.8
"893",39,2013,2.26,2012,55.7
"894",39,2013,2.26,2013,54.6
"895",39,2013,2.26,2014,53.3
"896",39,2014,2.26,2010,59.3
"897",39,2014,2.26,2011,56.8
"898",39,2014,2.26,2012,55.7
"899",39,2014,2.26,2013,54.6
"900",39,2014,2.26,2014,53.3
"901",40,2010,2.04,2010,71.2
"902",40,2010,2.04,2011,71
"903",40,2010,2.04,2012,71.3
"904",40,2010,2.04,2013,67.2
"905",40,2010,2.04,2014,64.3
"906",40,2011,2.04,2010,71.2
"907",40,2011,2.04,2011,71
"908",40,2011,2.04,2012,71.3
"909",40,2011,2.04,2013,67.2
"910",40,2011,2.04,2014,64.3
"911",40,2012,2.04,2010,71.2
"912",40,2012,2.04,2011,71
"913",40,2012,2.04,2012,71.3
"914",40,2012,2.04,2013,67.2
"915",40,2012,2.04,2014,64.3
"916",40,2013,2.04,2010,71.2
"917",40,2013,2.04,2011,71
"918",40,2013,2.04,2012,71.3
"919",40,2013,2.04,2013,67.2
"920",40,2013,2.04,2014,64.3
"921",40,2014,2.04,2010,71.2
"922",40,2014,2.04,2011,71
"923",40,2014,2.04,2012,71.3
"924",40,2014,2.04,2013,67.2
"925",40,2014,2.04,2014,64.3
"926",41,2010,2.19,2010,44.7
"927",41,2010,2.19,2011,47
"928",41,2010,2.19,2012,44.7
"929",41,2010,2.19,2013,43.3
"930",41,2010,2.19,2014,41.4
"931",41,2011,2.19,2010,44.7
"932",41,2011,2.19,2011,47
"933",41,2011,2.19,2012,44.7
"934",41,2011,2.19,2013,43.3
"935",41,2011,2.19,2014,41.4
"936",41,2012,2.19,2010,44.7
"937",41,2012,2.19,2011,47
"938",41,2012,2.19,2012,44.7
"939",41,2012,2.19,2013,43.3
"940",41,2012,2.19,2014,41.4
"941",41,2013,2.19,2010,44.7
"942",41,2013,2.19,2011,47
"943",41,2013,2.19,2012,44.7
"944",41,2013,2.19,2013,43.3
"945",41,2013,2.19,2014,41.4
"946",41,2014,2.32,2010,44.7
"947",41,2014,2.32,2011,47
"948",41,2014,2.32,2012,44.7
"949",41,2014,2.32,2013,43.3
"950",41,2014,2.32,2014,41.4
"951",42,2010,2.61,2010,57
"952",42,2010,2.61,2011,56.4
"953",42,2010,2.61,2012,55
"954",42,2010,2.61,2013,52.8
"955",42,2010,2.61,2014,50.8
"956",42,2011,2.61,2010,57
"957",42,2011,2.61,2011,56.4
"958",42,2011,2.61,2012,55
"959",42,2011,2.61,2013,52.8
"960",42,2011,2.61,2014,50.8
"961",42,2012,2.61,2010,57
"962",42,2012,2.61,2011,56.4
"963",42,2012,2.61,2012,55
"964",42,2012,2.61,2013,52.8
"965",42,2012,2.61,2014,50.8
"966",42,2013,2.61,2010,57
"967",42,2013,2.61,2011,56.4
"968",42,2013,2.61,2012,55
"969",42,2013,2.61,2013,52.8
"970",42,2013,2.61,2014,50.8
"971",42,2014,2.61,2010,57
"972",42,2014,2.61,2011,56.4
"973",42,2014,2.61,2012,55
"974",42,2014,2.61,2013,52.8
"975",42,2014,2.61,2014,50.8
"976",44,2010,4.47,2010,37.1
"977",44,2010,4.47,2011,36.3
"978",44,2010,4.47,2012,35.8
"979",44,2010,4.47,2013,35.3
"980",44,2010,4.47,2014,36.7
"981",44,2011,4.47,2010,37.1
"982",44,2011,4.47,2011,36.3
"983",44,2011,4.47,2012,35.8
"984",44,2011,4.47,2013,35.3
"985",44,2011,4.47,2014,36.7
"986",44,2012,4.51,2010,37.1
"987",44,2012,4.51,2011,36.3
"988",44,2012,4.51,2012,35.8
"989",44,2012,4.51,2013,35.3
"990",44,2012,4.51,2014,36.7
"991",44,2013,4.51,2010,37.1
"992",44,2013,4.51,2011,36.3
"993",44,2013,4.51,2012,35.8
"994",44,2013,4.51,2013,35.3
"995",44,2013,4.51,2014,36.7
"996",44,2014,4.51,2010,37.1
"997",44,2014,4.51,2011,36.3
"998",44,2014,4.51,2012,35.8
"999",44,2014,4.51,2013,35.3
"1000",44,2014,4.51,2014,36.7
"1001",45,2010,1.58,2010,84.5
"1002",45,2010,1.58,2011,69.9
"1003",45,2010,1.58,2012,61.9
"1004",45,2010,1.58,2013,62
"1005",45,2010,1.58,2014,58.9
"1006",45,2011,1.58,2010,84.5
"1007",45,2011,1.58,2011,69.9
"1008",45,2011,1.58,2012,61.9
"1009",45,2011,1.58,2013,62
"1010",45,2011,1.58,2014,58.9
"1011",45,2012,1.58,2010,84.5
"1012",45,2012,1.58,2011,69.9
"1013",45,2012,1.58,2012,61.9
"1014",45,2012,1.58,2013,62
"1015",45,2012,1.58,2014,58.9
"1016",45,2013,1.58,2010,84.5
"1017",45,2013,1.58,2011,69.9
"1018",45,2013,1.58,2012,61.9
"1019",45,2013,1.58,2013,62
"1020",45,2013,1.58,2014,58.9
"1021",45,2014,1.58,2010,84.5
"1022",45,2014,1.58,2011,69.9
"1023",45,2014,1.58,2012,61.9
"1024",45,2014,1.58,2013,62
"1025",45,2014,1.58,2014,58.9
"1026",46,2010,2.54,2010,48.6
"1027",46,2010,2.54,2011,43.8
"1028",46,2010,2.54,2012,42.8
"1029",46,2010,2.54,2013,42.7
"1030",46,2010,2.54,2014,42.3
"1031",46,2011,2.54,2010,48.6
"1032",46,2011,2.54,2011,43.8
"1033",46,2011,2.54,2012,42.8
"1034",46,2011,2.54,2013,42.7
"1035",46,2011,2.54,2014,42.3
"1036",46,2012,2.54,2010,48.6
"1037",46,2012,2.54,2011,43.8
"1038",46,2012,2.54,2012,42.8
"1039",46,2012,2.54,2013,42.7
"1040",46,2012,2.54,2014,42.3
"1041",46,2013,2.54,2010,48.6
"1042",46,2013,2.54,2011,43.8
"1043",46,2013,2.54,2012,42.8
"1044",46,2013,2.54,2013,42.7
"1045",46,2013,2.54,2014,42.3
"1046",46,2014,2.54,2010,48.6
"1047",46,2014,2.54,2011,43.8
"1048",46,2014,2.54,2012,42.8
"1049",46,2014,2.54,2013,42.7
"1050",46,2014,2.54,2014,42.3
"1051",47,2010,1.63,2010,72.6
"1052",47,2010,1.63,2011,71.7
"1053",47,2010,1.63,2012,68.3
"1054",47,2010,1.63,2013,66.2
"1055",47,2010,1.63,2014,62.6
"1056",47,2011,1.63,2010,72.6
"1057",47,2011,1.63,2011,71.7
"1058",47,2011,1.63,2012,68.3
"1059",47,2011,1.63,2013,66.2
"1060",47,2011,1.63,2014,62.6
"1061",47,2012,1.63,2010,72.6
"1062",47,2012,1.63,2011,71.7
"1063",47,2012,1.63,2012,68.3
"1064",47,2012,1.63,2013,66.2
"1065",47,2012,1.63,2014,62.6
"1066",47,2013,1.63,2010,72.6
"1067",47,2013,1.63,2011,71.7
"1068",47,2013,1.63,2012,68.3
"1069",47,2013,1.63,2013,66.2
"1070",47,2013,1.63,2014,62.6
"1071",47,2014,1.63,2010,72.6
"1072",47,2014,1.63,2011,71.7
"1073",47,2014,1.63,2012,68.3
"1074",47,2014,1.63,2013,66.2
"1075",47,2014,1.63,2014,62.6
"1076",48,2010,2.42,2010,38.2
"1077",48,2010,2.42,2011,38.7
"1078",48,2010,2.42,2012,36.7
"1079",48,2010,2.42,2013,36.2
"1080",48,2010,2.42,2014,33.7
"1081",48,2011,2.42,2010,38.2
"1082",48,2011,2.42,2011,38.7
"1083",48,2011,2.42,2012,36.7
"1084",48,2011,2.42,2013,36.2
"1085",48,2011,2.42,2014,33.7
"1086",48,2012,2.42,2010,38.2
"1087",48,2012,2.42,2011,38.7
"1088",48,2012,2.42,2012,36.7
"1089",48,2012,2.42,2013,36.2
"1090",48,2012,2.42,2014,33.7
"1091",48,2013,2.42,2010,38.2
"1092",48,2013,2.42,2011,38.7
"1093",48,2013,2.42,2012,36.7
"1094",48,2013,2.42,2013,36.2
"1095",48,2013,2.42,2014,33.7
"1096",48,2014,2.42,2010,38.2
"1097",48,2014,2.42,2011,38.7
"1098",48,2014,2.42,2012,36.7
"1099",48,2014,2.42,2013,36.2
"1100",48,2014,2.42,2014,33.7
"1101",49,2010,2.71,2010,26.7
"1102",49,2010,2.71,2011,22.3
"1103",49,2010,2.71,2012,23
"1104",49,2010,2.71,2013,21.4
"1105",49,2010,2.71,2014,19.5
"1106",49,2011,2.71,2010,26.7
"1107",49,2011,2.71,2011,22.3
"1108",49,2011,2.71,2012,23
"1109",49,2011,2.71,2013,21.4
"1110",49,2011,2.71,2014,19.5
"1111",49,2012,2.71,2010,26.7
"1112",49,2012,2.71,2011,22.3
"1113",49,2012,2.71,2012,23
"1114",49,2012,2.71,2013,21.4
"1115",49,2012,2.71,2014,19.5
"1116",49,2013,2.71,2010,26.7
"1117",49,2013,2.71,2011,22.3
"1118",49,2013,2.71,2012,23
"1119",49,2013,2.71,2013,21.4
"1120",49,2013,2.71,2014,19.5
"1121",49,2014,2.71,2010,26.7
"1122",49,2014,2.71,2011,22.3
"1123",49,2014,2.71,2012,23
"1124",49,2014,2.71,2013,21.4
"1125",49,2014,2.71,2014,19.5
"1126",50,2010,3.25,2010,47.7
"1127",50,2010,3.25,2011,48.7
"1128",50,2010,3.25,2012,45.7
"1129",50,2010,3.25,2013,42.1
"1130",50,2010,3.25,2014,40.4
"1131",50,2011,3.63,2010,47.7
"1132",50,2011,3.63,2011,48.7
"1133",50,2011,3.63,2012,45.7
"1134",50,2011,3.63,2013,42.1
"1135",50,2011,3.63,2014,40.4
"1136",50,2012,3.63,2010,47.7
"1137",50,2012,3.63,2011,48.7
"1138",50,2012,3.63,2012,45.7
"1139",50,2012,3.63,2013,42.1
"1140",50,2012,3.63,2014,40.4
"1141",50,2013,3.63,2010,47.7
"1142",50,2013,3.63,2011,48.7
"1143",50,2013,3.63,2012,45.7
"1144",50,2013,3.63,2013,42.1
"1145",50,2013,3.63,2014,40.4
"1146",50,2014,3.63,2010,47.7
"1147",50,2014,3.63,2011,48.7
"1148",50,2014,3.63,2012,45.7
"1149",50,2014,3.63,2013,42.1
"1150",50,2014,3.63,2014,40.4
"1151",51,2010,1.31,2010,68.9
"1152",51,2010,1.31,2011,67.1
"1153",51,2010,1.31,2012,72.4
"1154",51,2010,1.31,2013,69.4
"1155",51,2010,1.31,2014,67
"1156",51,2011,1.31,2010,68.9
"1157",51,2011,1.31,2011,67.1
"1158",51,2011,1.31,2012,72.4
"1159",51,2011,1.31,2013,69.4
"1160",51,2011,1.31,2014,67
"1161",51,2012,1.31,2010,68.9
"1162",51,2012,1.31,2011,67.1
"1163",51,2012,1.31,2012,72.4
"1164",51,2012,1.31,2013,69.4
"1165",51,2012,1.31,2014,67
"1166",51,2013,1.31,2010,68.9
"1167",51,2013,1.31,2011,67.1
"1168",51,2013,1.31,2012,72.4
"1169",51,2013,1.31,2013,69.4
"1170",51,2013,1.31,2014,67
"1171",51,2014,1.31,2010,68.9
"1172",51,2014,1.31,2011,67.1
"1173",51,2014,1.31,2012,72.4
"1174",51,2014,1.31,2013,69.4
"1175",51,2014,1.31,2014,67
"1176",53,2010,4.035,2010,25.6
"1177",53,2010,4.035,2011,21.7
"1178",53,2010,4.035,2012,20.3
"1179",53,2010,4.035,2013,19.5
"1180",53,2010,4.035,2014,18.6
"1181",53,2011,4.035,2010,25.6
"1182",53,2011,4.035,2011,21.7
"1183",53,2011,4.035,2012,20.3
"1184",53,2011,4.035,2013,19.5
"1185",53,2011,4.035,2014,18.6
"1186",53,2012,4.035,2010,25.6
"1187",53,2012,4.035,2011,21.7
"1188",53,2012,4.035,2012,20.3
"1189",53,2012,4.035,2013,19.5
"1190",53,2012,4.035,2014,18.6
"1191",53,2013,4.035,2010,25.6
"1192",53,2013,4.035,2011,21.7
"1193",53,2013,4.035,2012,20.3
"1194",53,2013,4.035,2013,19.5
"1195",53,2013,4.035,2014,18.6
"1196",53,2014,4.035,2010,25.6
"1197",53,2014,4.035,2011,21.7
"1198",53,2014,4.035,2012,20.3
"1199",53,2014,4.035,2013,19.5
"1200",53,2014,4.035,2014,18.6
"1201",54,2010,1.56,2010,113
"1202",54,2010,1.56,2011,107.9
"1203",54,2010,1.56,2012,105
"1204",54,2010,1.56,2013,103.1
"1205",54,2010,1.56,2014,97.4
"1206",54,2011,1.56,2010,113
"1207",54,2011,1.56,2011,107.9
"1208",54,2011,1.56,2012,105
"1209",54,2011,1.56,2013,103.1
"1210",54,2011,1.56,2014,97.4
"1211",54,2012,1.56,2010,113
"1212",54,2012,1.56,2011,107.9
"1213",54,2012,1.56,2012,105
"1214",54,2012,1.56,2013,103.1
"1215",54,2012,1.56,2014,97.4
"1216",54,2013,1.56,2010,113
"1217",54,2013,1.56,2011,107.9
"1218",54,2013,1.56,2012,105
"1219",54,2013,1.56,2013,103.1
"1220",54,2013,1.56,2014,97.4
"1221",54,2014,1.56,2010,113
"1222",54,2014,1.56,2011,107.9
"1223",54,2014,1.56,2012,105
"1224",54,2014,1.56,2013,103.1
"1225",54,2014,1.56,2014,97.4
"1226",55,2010,3.53,2010,48.2
"1227",55,2010,3.53,2011,42.5
"1228",55,2010,3.53,2012,41.2
"1229",55,2010,3.53,2013,39.8
"1230",55,2010,3.53,2014,39.9
"1231",55,2011,3.53,2010,48.2
"1232",55,2011,3.53,2011,42.5
"1233",55,2011,3.53,2012,41.2
"1234",55,2011,3.53,2013,39.8
"1235",55,2011,3.53,2014,39.9
"1236",55,2012,3.53,2010,48.2
"1237",55,2012,3.53,2011,42.5
"1238",55,2012,3.53,2012,41.2
"1239",55,2012,3.53,2013,39.8
"1240",55,2012,3.53,2014,39.9
"1241",55,2013,3.53,2010,48.2
"1242",55,2013,3.53,2011,42.5
"1243",55,2013,3.53,2012,41.2
"1244",55,2013,3.53,2013,39.8
"1245",55,2013,3.53,2014,39.9
"1246",55,2014,3.53,2010,48.2
"1247",55,2014,3.53,2011,42.5
"1248",55,2014,3.53,2012,41.2
"1249",55,2014,3.53,2013,39.8
"1250",55,2014,3.53,2014,39.9
"1251",56,2010,1.61,2010,65.7
"1252",56,2010,1.61,2011,70.5
"1253",56,2010,1.61,2012,61.5
"1254",56,2010,1.61,2013,60.8
"1255",56,2010,1.61,2014,56.4
"1256",56,2011,1.61,2010,65.7
"1257",56,2011,1.61,2011,70.5
"1258",56,2011,1.61,2012,61.5
"1259",56,2011,1.61,2013,60.8
"1260",56,2011,1.61,2014,56.4
"1261",56,2012,1.61,2010,65.7
"1262",56,2012,1.61,2011,70.5
"1263",56,2012,1.61,2012,61.5
"1264",56,2012,1.61,2013,60.8
"1265",56,2012,1.61,2014,56.4
"1266",56,2013,1.61,2010,65.7
"1267",56,2013,1.61,2011,70.5
"1268",56,2013,1.61,2012,61.5
"1269",56,2013,1.61,2013,60.8
"1270",56,2013,1.61,2014,56.4
"1271",56,2014,1.61,2010,65.7
"1272",56,2014,1.61,2011,70.5
"1273",56,2014,1.61,2012,61.5
"1274",56,2014,1.61,2013,60.8
"1275",56,2014,1.61,2014,56.4
